[
  {
    "Component": ".NET SDK",
    "Version": "13.4.0"
  },
  {
    "Component": "About Service",
    "Version": "1.8.1"
  },
  {
    "Component": "App Migration Service",
    "Version": "4.8.1"
  },
  {
    "Component": "Broker Service",
    "Version": "5.11.2"
  },
  {
    "Component": "Capability Service",
    "Version": "1.4.1"
  },
  {
    "Component": "Client",
    "Version": "4.86.8"
  },
  {
    "Component": "Data Preparation Service",
    "Version": "2.32.0"
  },
  {
    "Component": "Dependency Graph Service",
    "Version": "1.0.6"
  },
  {
    "Component": "Download Preparation Service",
    "Version": "1.0.1"
  },
  {
    "Component": "Freya Client Service",
    "Version": "2.8.0"
  },
  {
    "Component": "Monitoring Apps",
    "Version": "7.8.1"
  },
  {
    "Component": "ODAG Service",
    "Version": "3.3.0"
  },
  {
    "Component": "Printing Service",
    "Version": "13.15.1"
  },
  {
    "Component": "Proxy",
    "Version": "11.41.1"
  },
  {
    "Component": "QIX Engine",
    "Version": "12.145.3"
  },
  {
    "Component": "Qlik DataMarket Connector",
    "Version": "2.8.0.1"
  },
  {
    "Component": "Qlik Essbase Connector",
    "Version": "1.1.0"
  },
  {
    "Component": "Qlik Management Console",
    "Version": "1.24.0"
  },
  {
    "Component": "Qlik ODBC Connector",
    "Version": "4.8.0"
  },
  {
    "Component": "Qlik REST Connector",
    "Version": "1.4.0"
  },
  {
    "Component": "Qlik SalesForce Connector",
    "Version": "14.3.0"
  },
  {
    "Component": "Qlik Sense Hub",
    "Version": "0.18.0"
  },
  {
    "Component": "Qlik Web Connectors",
    "Version": "0.36.0"
  },
  {
    "Component": "Repository",
    "Version": "20.4.2"
  },
  {
    "Component": "Scheduler",
    "Version": "15.0.3"
  },
  {
    "Component": "Service Dispatcher",
    "Version": "15.0.3"
  },
  {
    "Component": "Web Extension Service",
    "Version": "1.5.2"
  },
  {
    "Component": "Web Extensions",
    "Version": "1.4.1"
  }
]