[
  {
    "id": "1a13fc0d-f928-48ee-8cc2-a18f7099d9e2",
    "createdDate": "2017-12-19T11:53:23.823Z",
    "modifiedDate": "2019-02-01T12:59:07.264Z",
    "modifiedByUserName": "INTERNAL\\sa_scheduler",
    "customProperties": [],
    "owner": {
      "id": "a9ebf66d-35ce-420b-9c11-5246f2f5074b",
      "userId": "sa_repository",
      "userDirectory": "INTERNAL",
      "name": "sa_repository",
      "privileges": null
    },
    "name": "License Monitor",
    "appId": "",
    "sourceAppId": "00000000-0000-0000-0000-000000000000",
    "targetAppId": "00000000-0000-0000-0000-000000000000",
    "publishTime": "2019-01-31T15:38:44.969Z",
    "published": true,
    "tags": [],
    "description": "The License Monitor 7.8 tracks license usage and facilitates efficient allocation of licenses and tokens. Enjoy!",
    "stream": {
      "id": "a70ca8a5-1d59-4cc9-b5fa-6e207978dcaf",
      "name": "Monitoring apps",
      "privileges": null
    },
    "fileSize": 228298,
    "lastReloadTime": "2019-02-01T12:59:06.786Z",
    "thumbnail": "/appcontent/1a13fc0d-f928-48ee-8cc2-a18f7099d9e2/Qlik_Images/License_Monitor_Thumbnail.png",
    "savedInProductVersion": "12.145.3",
    "migrationHash": "98d482c3f964dccf69cbfb9a00e0c048ea6eb221",
    "dynamicColor": "",
    "availabilityStatus": 0,
    "privileges": null,
    "schemaPath": "App"
  },
  {
    "id": "25ceb0da-1983-487d-8550-cd7eb222c1c4",
    "createdDate": "2017-12-19T11:53:57.831Z",
    "modifiedDate": "2019-02-01T12:59:31.686Z",
    "modifiedByUserName": "INTERNAL\\sa_scheduler",
    "customProperties": [],
    "owner": {
      "id": "a9ebf66d-35ce-420b-9c11-5246f2f5074b",
      "userId": "sa_repository",
      "userDirectory": "INTERNAL",
      "name": "sa_repository",
      "privileges": null
    },
    "name": "Operations Monitor",
    "appId": "",
    "sourceAppId": "00000000-0000-0000-0000-000000000000",
    "targetAppId": "00000000-0000-0000-0000-000000000000",
    "publishTime": "2019-01-31T15:39:04.242Z",
    "published": true,
    "tags": [],
    "description": "The Operations Monitor 7.8 provides information about the Qlik Sense server environment, including: server memory and CPU usage, active users, task reloads, and errors and warnings. Enjoy!",
    "stream": {
      "id": "a70ca8a5-1d59-4cc9-b5fa-6e207978dcaf",
      "name": "Monitoring apps",
      "privileges": null
    },
    "fileSize": 386829,
    "lastReloadTime": "2019-02-01T12:59:31.036Z",
    "thumbnail": "/appcontent/25ceb0da-1983-487d-8550-cd7eb222c1c4/Qlik_Images/Operations_Monitor_Thumbnail.png",
    "savedInProductVersion": "12.145.3",
    "migrationHash": "98d482c3f964dccf69cbfb9a00e0c048ea6eb221",
    "dynamicColor": "",
    "availabilityStatus": 0,
    "privileges": null,
    "schemaPath": "App"
  },
  {
    "id": "43d05965-486c-4d02-8509-ea4e1c107d36",
    "createdDate": "2019-02-01T07:10:57.457Z",
    "modifiedDate": "2019-02-01T07:11:56.789Z",
    "modifiedByUserName": "INTERNAL\\sa_repository",
    "customProperties": [],
    "owner": {
      "id": "c85d8ce4-b05e-467c-9810-e1a339318819",
      "userId": "administrator",
      "userDirectory": "DOMAIN",
      "name": "administrator",
      "privileges": null
    },
    "name": "Sales(SinSA)",
    "appId": "",
    "sourceAppId": "00000000-0000-0000-0000-000000000000",
    "targetAppId": "00000000-0000-0000-0000-000000000000",
    "publishTime": "1753-01-01T00:00:00Z",
    "published": false,
    "tags": [],
    "description": "",
    "stream": null,
    "fileSize": 722600889,
    "lastReloadTime": "2019-01-30T13:15:44.628Z",
    "thumbnail": "/appcontent/43d05965-486c-4d02-8509-ea4e1c107d36/BookingAgenda%28Thumbnail%29.jpg",
    "savedInProductVersion": "12.145.3",
    "migrationHash": "98d482c3f964dccf69cbfb9a00e0c048ea6eb221",
    "dynamicColor": "",
    "availabilityStatus": 0,
    "privileges": null,
    "schemaPath": "App"
  },
  {
    "id": "057247b8-83a5-481c-984c-127f02bac4df",
    "createdDate": "2019-01-31T15:38:52.123Z",
    "modifiedDate": "2019-01-31T15:38:56.759Z",
    "modifiedByUserName": "INTERNAL\\sa_repository",
    "customProperties": [],
    "owner": {
      "id": "a9ebf66d-35ce-420b-9c11-5246f2f5074b",
      "userId": "sa_repository",
      "userDirectory": "INTERNAL",
      "name": "sa_repository",
      "privileges": null
    },
    "name": "Operations Monitor_17.6.1.0",
    "appId": "",
    "sourceAppId": "25ceb0da-1983-487d-8550-cd7eb222c1c4",
    "targetAppId": "25ceb0da-1983-487d-8550-cd7eb222c1c4",
    "publishTime": "1753-01-01T00:00:00Z",
    "published": false,
    "tags": [],
    "description": "The Operations Monitor 7.7 provides information about the Qlik Sense server environment, including: server memory and CPU usage, active users, task reloads, and errors and warnings. Enjoy!",
    "stream": null,
    "fileSize": 868413,
    "lastReloadTime": "2019-01-21T06:59:38.499Z",
    "thumbnail": "/appcontent/25ceb0da-1983-487d-8550-cd7eb222c1c4/Qlik_Images/Operations_Monitor_Thumbnail.png",
    "savedInProductVersion": "12.67.2",
    "migrationHash": "98d482c3f964dccf69cbfb9a00e0c048ea6eb221",
    "dynamicColor": "",
    "availabilityStatus": 0,
    "privileges": null,
    "schemaPath": "App"
  },
  {
    "id": "f1f813b9-cba4-4ea2-a702-b291b0802a6e",
    "createdDate": "2017-12-19T11:47:24.907Z",
    "modifiedDate": "2017-12-19T11:53:39.242Z",
    "modifiedByUserName": "INTERNAL\\sa_repository",
    "customProperties": [],
    "owner": {
      "id": "a9ebf66d-35ce-420b-9c11-5246f2f5074b",
      "userId": "sa_repository",
      "userDirectory": "INTERNAL",
      "name": "sa_repository",
      "privileges": null
    },
    "name": "License Monitor",
    "appId": "",
    "sourceAppId": "00000000-0000-0000-0000-000000000000",
    "targetAppId": "00000000-0000-0000-0000-000000000000",
    "publishTime": "1753-01-01T00:00:00Z",
    "published": false,
    "tags": [],
    "description": "The License Monitor 7.7 tracks license usage and facilitates efficient allocation of licenses and tokens. Enjoy!",
    "stream": null,
    "fileSize": 149525,
    "lastReloadTime": "2017-09-14T16:13:02.705Z",
    "thumbnail": "/appcontent/f1f813b9-cba4-4ea2-a702-b291b0802a6e/Qlik_Images/License_Monitor_Thumbnail.png",
    "savedInProductVersion": "12.67.2",
    "migrationHash": "98d482c3f964dccf69cbfb9a00e0c048ea6eb221",
    "dynamicColor": "",
    "availabilityStatus": 0,
    "privileges": null,
    "schemaPath": "App"
  },
  {
    "id": "b28e4cd3-23bc-46fa-b3a8-6407245dbfe6",
    "createdDate": "2019-01-31T15:38:30.728Z",
    "modifiedDate": "2019-01-31T15:38:35.629Z",
    "modifiedByUserName": "INTERNAL\\sa_repository",
    "customProperties": [],
    "owner": {
      "id": "a9ebf66d-35ce-420b-9c11-5246f2f5074b",
      "userId": "sa_repository",
      "userDirectory": "INTERNAL",
      "name": "sa_repository",
      "privileges": null
    },
    "name": "License Monitor_17.6.1.0",
    "appId": "",
    "sourceAppId": "1a13fc0d-f928-48ee-8cc2-a18f7099d9e2",
    "targetAppId": "1a13fc0d-f928-48ee-8cc2-a18f7099d9e2",
    "publishTime": "1753-01-01T00:00:00Z",
    "published": false,
    "tags": [],
    "description": "The License Monitor 7.7 tracks license usage and facilitates efficient allocation of licenses and tokens. Enjoy!",
    "stream": null,
    "fileSize": 192407,
    "lastReloadTime": "2019-01-21T06:59:27.057Z",
    "thumbnail": "/appcontent/1a13fc0d-f928-48ee-8cc2-a18f7099d9e2/Qlik_Images/License_Monitor_Thumbnail.png",
    "savedInProductVersion": "12.67.2",
    "migrationHash": "98d482c3f964dccf69cbfb9a00e0c048ea6eb221",
    "dynamicColor": "",
    "availabilityStatus": 0,
    "privileges": null,
    "schemaPath": "App"
  }
]