{
  "TotalTokens": 0.0,
  "AvailableTokens": 0.0,
  "UserAllocatedTokens": 0.0,
  "UserUsedTokens": 0.0,
  "UserQuarantinedTokens": 0.0,
  "LoginAllocatedTokens": 0.0,
  "LoginUsedTokens": 0.0,
  "LoginUnavailableTokens": 0.0,
  "ApplicationAllocatedTokens": 0.0,
  "ApplicationUsedTokens": 0.0,
  "ApplicationQuarantinedTokens": 0.0,
  "ProfessionalAllocatedTokens": 0.0,
  "ProfessionalUsedTokens": 0.0,
  "ProfessionalQuarantinedTokens": 0.0,
  "AnalyzerAllocatedTokens": 0.0,
  "AnalyzerUsedTokens": 0.0,
  "AnalyzerQuarantinedTokens": 0.0
}