[
  {
    "id": "a6261e01-302f-4e3f-8fb9-cb6a447c591a",
    "createdDate": "2017-12-19T11:46:43.08Z",
    "modifiedDate": "2017-12-19T11:46:43.08Z",
    "modifiedByUserName": "INTERNAL\\sa_repository",
    "customProperties": [],
    "owner": {
      "id": "a9ebf66d-35ce-420b-9c11-5246f2f5074b",
      "userId": "sa_repository",
      "userDirectory": "INTERNAL",
      "name": "sa_repository",
      "privileges": null
    },
    "name": "QLogs",
    "connectionstring": "CUSTOM CONNECT TO \"provider=QvOdbcConnectorPackage.exe;driver=postgres;host=localhost;port=4432;db=QLogs;FetchTSWTZasTimestamp=1;MaxVarcharSize=262144;\"",
    "type": "QvOdbcConnectorPackage.exe",
    "engineObjectId": "a6261e01-302f-4e3f-8fb9-cb6a447c591a",
    "username": "qlogs_reader",
    "password": "Password123!",
    "logOn": 0,
    "architecture": 0,
    "tags": [],
    "privileges": null,
    "schemaPath": "DataConnection"
  },
  {
    "id": "47a1cfd8-f70e-4a98-a00d-00fca6c8e253",
    "createdDate": "2017-12-19T11:46:43.146Z",
    "modifiedDate": "2017-12-19T11:46:43.146Z",
    "modifiedByUserName": "INTERNAL\\sa_repository",
    "customProperties": [],
    "owner": {
      "id": "a9ebf66d-35ce-420b-9c11-5246f2f5074b",
      "userId": "sa_repository",
      "userDirectory": "INTERNAL",
      "name": "sa_repository",
      "privileges": null
    },
    "name": "AttachedFiles",
    "connectionstring": "\\\\dc1\\share\\StaticContent\\AppContent\\<APP_ID>",
    "type": "folder",
    "engineObjectId": "47a1cfd8-f70e-4a98-a00d-00fca6c8e253",
    "username": "",
    "password": "",
    "logOn": 0,
    "architecture": 0,
    "tags": [],
    "privileges": null,
    "schemaPath": "DataConnection"
  },
  {
    "id": "82789c18-b81e-485d-899d-6ac314253059",
    "createdDate": "2017-12-19T11:46:45.401Z",
    "modifiedDate": "2017-12-19T11:46:45.401Z",
    "modifiedByUserName": "INTERNAL\\sa_repository",
    "customProperties": [],
    "owner": {
      "id": "a9ebf66d-35ce-420b-9c11-5246f2f5074b",
      "userId": "sa_repository",
      "userDirectory": "INTERNAL",
      "name": "sa_repository",
      "privileges": null
    },
    "name": "monitor_apps_REST_app",
    "connectionstring": "CUSTOM CONNECT TO \"provider=QvRestConnector.exe;url=https://localhost/qrs/app/full;timeout=900;method=GET;autoDetectResponseType=true;keyGenerationStrategy=0;authSchema=ntlm;skipServerCertificateValidation=true;useCertificate=No;certificateStoreLocation=LocalMachine;certificateStoreName=My;trustedLocations=qrs-proxy%2https://localhost:4244;queryParameters=xrfkey%20000000000000000;addMissingQueryParametersToFinalRequest=false;queryHeaders=X-Qlik-XrfKey%20000000000000000%1User-Agent%2Windows;PaginationType=None;\"",
    "type": "QvRestConnector.exe",
    "engineObjectId": "82789c18-b81e-485d-899d-6ac314253059",
    "username": "domain\\qvservice",
    "password": "%%password%2%%password123!%1",
    "logOn": 0,
    "architecture": 0,
    "tags": [],
    "privileges": null,
    "schemaPath": "DataConnection"
  },
  {
    "id": "3201a27b-802a-4a5e-ade5-bf36e07fcb3a",
    "createdDate": "2017-12-19T11:46:45.401Z",
    "modifiedDate": "2017-12-19T11:46:45.401Z",
    "modifiedByUserName": "INTERNAL\\sa_repository",
    "customProperties": [],
    "owner": {
      "id": "a9ebf66d-35ce-420b-9c11-5246f2f5074b",
      "userId": "sa_repository",
      "userDirectory": "INTERNAL",
      "name": "sa_repository",
      "privileges": null
    },
    "name": "monitor_apps_REST_appobject",
    "connectionstring": "CUSTOM CONNECT TO \"provider=QvRestConnector.exe;url=https://localhost/qrs/app/object/full;timeout=900;method=GET;autoDetectResponseType=true;keyGenerationStrategy=0;authSchema=ntlm;skipServerCertificateValidation=true;useCertificate=No;certificateStoreLocation=LocalMachine;certificateStoreName=My;trustedLocations=qrs-proxy%2https://localhost:4244;queryParameters=xrfkey%20000000000000000;addMissingQueryParametersToFinalRequest=false;queryHeaders=X-Qlik-XrfKey%20000000000000000%1User-Agent%2Windows;PaginationType=None;\"",
    "type": "QvRestConnector.exe",
    "engineObjectId": "3201a27b-802a-4a5e-ade5-bf36e07fcb3a",
    "username": "domain\\qvservice",
    "password": "%%password%2%%password123!%1",
    "logOn": 0,
    "architecture": 0,
    "tags": [],
    "privileges": null,
    "schemaPath": "DataConnection"
  },
  {
    "id": "06c3c2f6-7dc1-4e84-9ea6-0f15a67266de",
    "createdDate": "2017-12-19T11:46:45.401Z",
    "modifiedDate": "2017-12-19T11:46:45.401Z",
    "modifiedByUserName": "INTERNAL\\sa_repository",
    "customProperties": [],
    "owner": {
      "id": "a9ebf66d-35ce-420b-9c11-5246f2f5074b",
      "userId": "sa_repository",
      "userDirectory": "INTERNAL",
      "name": "sa_repository",
      "privileges": null
    },
    "name": "monitor_apps_REST_event",
    "connectionstring": "CUSTOM CONNECT TO \"provider=QvRestConnector.exe;url=https://localhost/qrs/event/full;timeout=900;method=GET;autoDetectResponseType=true;keyGenerationStrategy=0;authSchema=ntlm;skipServerCertificateValidation=true;useCertificate=No;certificateStoreLocation=LocalMachine;certificateStoreName=My;trustedLocations=qrs-proxy%2https://localhost:4244;queryParameters=xrfkey%20000000000000000;addMissingQueryParametersToFinalRequest=false;queryHeaders=X-Qlik-XrfKey%20000000000000000%1User-Agent%2Windows;PaginationType=None;\"",
    "type": "QvRestConnector.exe",
    "engineObjectId": "06c3c2f6-7dc1-4e84-9ea6-0f15a67266de",
    "username": "domain\\qvservice",
    "password": "%%password%2%%password123!%1",
    "logOn": 0,
    "architecture": 0,
    "tags": [],
    "privileges": null,
    "schemaPath": "DataConnection"
  },
  {
    "id": "0249babd-1dc5-419b-9625-5ac65c37f7b7",
    "createdDate": "2017-12-19T11:46:45.401Z",
    "modifiedDate": "2017-12-19T11:46:45.401Z",
    "modifiedByUserName": "INTERNAL\\sa_repository",
    "customProperties": [],
    "owner": {
      "id": "a9ebf66d-35ce-420b-9c11-5246f2f5074b",
      "userId": "sa_repository",
      "userDirectory": "INTERNAL",
      "name": "sa_repository",
      "privileges": null
    },
    "name": "monitor_apps_REST_license_access",
    "connectionstring": "CUSTOM CONNECT TO \"provider=QvRestConnector.exe;url=https://localhost/qrs/license/accesstypeinfo;timeout=900;method=GET;autoDetectResponseType=true;keyGenerationStrategy=0;authSchema=ntlm;skipServerCertificateValidation=true;useCertificate=No;certificateStoreLocation=LocalMachine;certificateStoreName=My;trustedLocations=qrs-proxy%2https://localhost:4244;queryParameters=xrfkey%20000000000000000;addMissingQueryParametersToFinalRequest=false;queryHeaders=X-Qlik-XrfKey%20000000000000000%1User-Agent%2Windows;PaginationType=None;\"",
    "type": "QvRestConnector.exe",
    "engineObjectId": "0249babd-1dc5-419b-9625-5ac65c37f7b7",
    "username": "domain\\qvservice",
    "password": "%%password%2%%password123!%1",
    "logOn": 0,
    "architecture": 0,
    "tags": [],
    "privileges": null,
    "schemaPath": "DataConnection"
  },
  {
    "id": "c9c9659f-5f63-478c-b101-3f32c68ed35a",
    "createdDate": "2017-12-19T11:46:45.401Z",
    "modifiedDate": "2017-12-19T11:46:45.401Z",
    "modifiedByUserName": "INTERNAL\\sa_repository",
    "customProperties": [],
    "owner": {
      "id": "a9ebf66d-35ce-420b-9c11-5246f2f5074b",
      "userId": "sa_repository",
      "userDirectory": "INTERNAL",
      "name": "sa_repository",
      "privileges": null
    },
    "name": "monitor_apps_REST_license_login",
    "connectionstring": "CUSTOM CONNECT TO \"provider=QvRestConnector.exe;url=https://localhost/qrs/license/loginaccesstype/full;timeout=900;method=GET;autoDetectResponseType=true;keyGenerationStrategy=0;authSchema=ntlm;skipServerCertificateValidation=true;useCertificate=No;certificateStoreLocation=LocalMachine;certificateStoreName=My;trustedLocations=qrs-proxy%2https://localhost:4244;queryParameters=xrfkey%20000000000000000;addMissingQueryParametersToFinalRequest=false;queryHeaders=X-Qlik-XrfKey%20000000000000000%1User-Agent%2Windows;PaginationType=None;\"",
    "type": "QvRestConnector.exe",
    "engineObjectId": "c9c9659f-5f63-478c-b101-3f32c68ed35a",
    "username": "domain\\qvservice",
    "password": "%%password%2%%password123!%1",
    "logOn": 0,
    "architecture": 0,
    "tags": [],
    "privileges": null,
    "schemaPath": "DataConnection"
  },
  {
    "id": "089f7da4-4f46-4c1a-bbd1-ec61cf7bf07f",
    "createdDate": "2017-12-19T11:46:45.401Z",
    "modifiedDate": "2017-12-19T11:46:45.401Z",
    "modifiedByUserName": "INTERNAL\\sa_repository",
    "customProperties": [],
    "owner": {
      "id": "a9ebf66d-35ce-420b-9c11-5246f2f5074b",
      "userId": "sa_repository",
      "userDirectory": "INTERNAL",
      "name": "sa_repository",
      "privileges": null
    },
    "name": "monitor_apps_REST_license_user",
    "connectionstring": "CUSTOM CONNECT TO \"provider=QvRestConnector.exe;url=https://localhost/qrs/license/useraccesstype/full;timeout=900;method=GET;autoDetectResponseType=true;keyGenerationStrategy=0;authSchema=ntlm;skipServerCertificateValidation=true;useCertificate=No;certificateStoreLocation=LocalMachine;certificateStoreName=My;trustedLocations=qrs-proxy%2https://localhost:4244;queryParameters=xrfkey%20000000000000000;addMissingQueryParametersToFinalRequest=false;queryHeaders=X-Qlik-XrfKey%20000000000000000%1User-Agent%2Windows;PaginationType=None;\"",
    "type": "QvRestConnector.exe",
    "engineObjectId": "089f7da4-4f46-4c1a-bbd1-ec61cf7bf07f",
    "username": "domain\\qvservice",
    "password": "%%password%2%%password123!%1",
    "logOn": 0,
    "architecture": 0,
    "tags": [],
    "privileges": null,
    "schemaPath": "DataConnection"
  },
  {
    "id": "0cf9de8e-c340-491c-8a35-ec82683fad69",
    "createdDate": "2017-12-19T11:46:45.401Z",
    "modifiedDate": "2017-12-19T11:46:45.401Z",
    "modifiedByUserName": "INTERNAL\\sa_repository",
    "customProperties": [],
    "owner": {
      "id": "a9ebf66d-35ce-420b-9c11-5246f2f5074b",
      "userId": "sa_repository",
      "userDirectory": "INTERNAL",
      "name": "sa_repository",
      "privileges": null
    },
    "name": "monitor_apps_REST_task",
    "connectionstring": "CUSTOM CONNECT TO \"provider=QvRestConnector.exe;url=https://localhost/qrs/task/full;timeout=900;method=GET;autoDetectResponseType=true;keyGenerationStrategy=0;authSchema=ntlm;skipServerCertificateValidation=true;useCertificate=No;certificateStoreLocation=LocalMachine;certificateStoreName=My;trustedLocations=qrs-proxy%2https://localhost:4244;queryParameters=xrfkey%20000000000000000;addMissingQueryParametersToFinalRequest=false;queryHeaders=X-Qlik-XrfKey%20000000000000000%1User-Agent%2Windows;PaginationType=None;\"",
    "type": "QvRestConnector.exe",
    "engineObjectId": "0cf9de8e-c340-491c-8a35-ec82683fad69",
    "username": "domain\\qvservice",
    "password": "%%password%2%%password123!%1",
    "logOn": 0,
    "architecture": 0,
    "tags": [],
    "privileges": null,
    "schemaPath": "DataConnection"
  },
  {
    "id": "1d35a28f-3990-4753-a865-8329da82c228",
    "createdDate": "2017-12-19T11:46:45.401Z",
    "modifiedDate": "2017-12-19T11:46:45.401Z",
    "modifiedByUserName": "INTERNAL\\sa_repository",
    "customProperties": [],
    "owner": {
      "id": "a9ebf66d-35ce-420b-9c11-5246f2f5074b",
      "userId": "sa_repository",
      "userDirectory": "INTERNAL",
      "name": "sa_repository",
      "privileges": null
    },
    "name": "monitor_apps_REST_user",
    "connectionstring": "CUSTOM CONNECT TO \"provider=QvRestConnector.exe;url=https://localhost/qrs/user/full;timeout=900;method=GET;autoDetectResponseType=true;keyGenerationStrategy=0;authSchema=ntlm;skipServerCertificateValidation=true;useCertificate=No;certificateStoreLocation=LocalMachine;certificateStoreName=My;trustedLocations=qrs-proxy%2https://localhost:4244;queryParameters=xrfkey%20000000000000000;addMissingQueryParametersToFinalRequest=false;queryHeaders=X-Qlik-XrfKey%20000000000000000%1User-Agent%2Windows;PaginationType=None;\"",
    "type": "QvRestConnector.exe",
    "engineObjectId": "1d35a28f-3990-4753-a865-8329da82c228",
    "username": "domain\\qvservice",
    "password": "%%password%2%%password123!%1",
    "logOn": 0,
    "architecture": 0,
    "tags": [],
    "privileges": null,
    "schemaPath": "DataConnection"
  },
  {
    "id": "059b0778-1d27-4398-8973-300484554382",
    "createdDate": "2017-12-19T11:46:45.47Z",
    "modifiedDate": "2017-12-19T11:46:45.47Z",
    "modifiedByUserName": "INTERNAL\\sa_repository",
    "customProperties": [],
    "owner": {
      "id": "a9ebf66d-35ce-420b-9c11-5246f2f5074b",
      "userId": "sa_repository",
      "userDirectory": "INTERNAL",
      "name": "sa_repository",
      "privileges": null
    },
    "name": "ArchivedLogsFolder",
    "connectionstring": "\\\\dc1\\share\\ArchivedLogs",
    "type": "folder",
    "engineObjectId": "059b0778-1d27-4398-8973-300484554382",
    "username": "",
    "password": "",
    "logOn": 0,
    "architecture": 0,
    "tags": [],
    "privileges": null,
    "schemaPath": "DataConnection"
  },
  {
    "id": "e084309b-ab6d-496a-9532-243fa58f89dc",
    "createdDate": "2017-12-19T11:47:28.154Z",
    "modifiedDate": "2017-12-19T11:47:28.154Z",
    "modifiedByUserName": "INTERNAL\\sa_repository",
    "customProperties": [],
    "owner": {
      "id": "a9ebf66d-35ce-420b-9c11-5246f2f5074b",
      "userId": "sa_repository",
      "userDirectory": "INTERNAL",
      "name": "sa_repository",
      "privileges": null
    },
    "name": "ServerLogFolder",
    "connectionstring": "C:\\ProgramData\\Qlik\\Sense\\Log\\",
    "type": "folder",
    "engineObjectId": "e084309b-ab6d-496a-9532-243fa58f89dc",
    "username": "",
    "password": "",
    "logOn": 0,
    "architecture": 0,
    "tags": [],
    "privileges": null,
    "schemaPath": "DataConnection"
  },
  {
    "id": "e1c2d44e-a455-46ba-9312-b431016d32e0",
    "createdDate": "2019-01-31T16:37:07.703Z",
    "modifiedDate": "2019-01-31T16:37:07.797Z",
    "modifiedByUserName": "INTERNAL\\sa_repository",
    "customProperties": [],
    "owner": {
      "id": "a9ebf66d-35ce-420b-9c11-5246f2f5074b",
      "userId": "sa_repository",
      "userDirectory": "INTERNAL",
      "name": "sa_repository",
      "privileges": null
    },
    "name": "DataPrepAppCache",
    "connectionstring": "\\\\dc1\\share\\Apps\\DataPrepAppCache\\<APP_ID>",
    "type": "folder",
    "engineObjectId": "e1c2d44e-a455-46ba-9312-b431016d32e0",
    "username": "",
    "password": "",
    "logOn": 0,
    "architecture": 0,
    "tags": [],
    "privileges": null,
    "schemaPath": "DataConnection"
  }
]