[
  {
    "ServiceType": "Repository",
    "HostName": "qlikserver1.domain.local",
    "ServiceClusterId": "47d0663d-48e5-4790-976f-a400f494f128",
    "ServiceState": "Running",
    "ModifiedDate": "2019-01-31T15:38:05.171Z"
  },
  {
    "ServiceType": "Engine",
    "HostName": "qlikserver1.domain.local",
    "ServiceClusterId": "47d0663d-48e5-4790-976f-a400f494f128",
    "ServiceState": "Running",
    "ModifiedDate": "2019-01-31T15:38:19.663Z"
  },
  {
    "ServiceType": "Scheduler",
    "HostName": "qlikserver1.domain.local",
    "ServiceClusterId": "47d0663d-48e5-4790-976f-a400f494f128",
    "ServiceState": "Running",
    "ModifiedDate": "2019-01-31T15:38:19.741Z"
  },
  {
    "ServiceType": "Proxy",
    "HostName": "qlikserver1.domain.local",
    "ServiceClusterId": "47d0663d-48e5-4790-976f-a400f494f128",
    "ServiceState": "Running",
    "ModifiedDate": "2019-01-31T15:38:19.895Z"
  },
  {
    "ServiceType": "Printing",
    "HostName": "qlikserver1.domain.local",
    "ServiceClusterId": "47d0663d-48e5-4790-976f-a400f494f128",
    "ServiceState": "Running",
    "ModifiedDate": "2019-01-31T15:38:22.402Z"
  }
]