[
  {
    "Cmd": "C:\\Windows\\System32\\systeminfo.exe /S qlikserver1.domain.local /FO CSV",
    "Name": "System Information",
    "Result": "\"Host Name\",\"OS Name\",\"OS Version\",\"OS Manufacturer\",\"OS Configuration\",\"OS Build Type\",\"Registered Owner\",\"Registered Organization\",\"Product ID\",\"Original Install Date\",\"System Boot Time\",\"System Manufacturer\",\"System Model\",\"System Type\",\"Processor(s)\",\"BIOS Version\",\"Windows Directory\",\"System Directory\",\"Boot Device\",\"System Locale\",\"Input Locale\",\"Time Zone\",\"Total Physical Memory\",\"Available Physical Memory\",\"Virtual Memory: Max Size\",\"Virtual Memory: Available\",\"Virtual Memory: In Use\",\"Page File Location(s)\",\"Domain\",\"Logon Server\",\"Hotfix(s)\",\"Network Card(s)\",\"Hyper-V Requirements\"\r\n",
    "Error": "",
    "ExecType": 0,
    "RunComplete": true,
    "CmdExitCode": 0
  }
]