[
  {
    "Cmd": "\\\\qlikserver1.domain.local\\c$\\ProgramData\\Qlik\\Sense\\Repository\\PostgreSQL\\9.6\\postgresql.conf",
    "Name": "Postgresql.conf",
    "Result": "<removed>",
    "Error": null,
    "ExecType": 1,
    "RunComplete": true,
    "CmdExitCode": 0
  },
  {
    "Cmd": "\\\\qlikserver1.domain.local\\c$\\ProgramData\\Qlik\\Sense\\Repository\\PostgreSQL\\9.6\\pg_hba.conf",
    "Name": "postgresql_pg_hba.conf",
    "Result": "<removed>",
    "Error": null,
    "ExecType": 1,
    "RunComplete": true,
    "CmdExitCode": 0
  },
  {
    "Cmd": "\\\\qlikserver1.domain.local\\c$\\ProgramData\\\\Qlik\\\\Sense\\\\Engine\\\\settings.ini",
    "Name": "Engine_Settings.ini",
    "Result": "<removed>",
    "Error": null,
    "ExecType": 1,
    "RunComplete": true,
    "CmdExitCode": 0
  },
  {
    "Cmd": "\\\\qlikserver1.domain.local\\c$\\ProgramData\\Qlik\\Sense\\host.cfg",
    "Name": "Sense_Host.cfg",
    "Result": "<removed>",
    "Error": null,
    "ExecType": 1,
    "RunComplete": true,
    "CmdExitCode": 0
  },
  {
    "Cmd": "\\\\qlikserver1.domain.local\\c$\\Program Files\\Qlik\\Sense\\Repository\\Repository.exe.config",
    "Name": "Repository.exe.config",
    "Result": "<removed>",
    "Error": null,
    "ExecType": 1,
    "RunComplete": true,
    "CmdExitCode": 0
  },
  {
    "Cmd": "\\\\qlikserver1.domain.local\\c$\\Program Files\\Qlik\\Sense\\Repository\\Repository.Core.dll.config",
    "Name": "Repository.Core.dll.config",
    "Result": "<removed>",
    "Error": null,
    "ExecType": 1,
    "RunComplete": true,
    "CmdExitCode": 0
  },
  {
    "Cmd": "\\\\qlikserver1.domain.local\\c$\\Program Files\\Qlik\\Sense\\Repository\\Repository.Domain.dll.config",
    "Name": "Repository.Domain.dll.config",
    "Result": "<removed>",
    "Error": null,
    "ExecType": 1,
    "RunComplete": true,
    "CmdExitCode": 0
  },
  {
    "Cmd": "\\qlikserver1.domain.local\\c$\\\\Program Files\\Qlik\\Sense\\Repository\\Repository.Synchronization.dll.config",
    "Name": "Repository.Synchronization.dll.config",
    "Result": "<removed>",
    "Error": "Couldn't find the file.",
    "ExecType": 1,
    "RunComplete": true,
    "CmdExitCode": 666
  },
  {
    "Cmd": "\\\\qlikserver1.domain.local\\c$\\Program Files\\Qlik\\Sense\\Repository\\Repository.User.dll.config",
    "Name": "Repository.User.dll.config",
    "Result": "<removed>",
    "Error": null,
    "ExecType": 1,
    "RunComplete": true,
    "CmdExitCode": 0
  },
  {
    "Cmd": "\\\\qlikserver1.domain.local\\c$\\Program Files\\Qlik\\Sense\\Printing\\Printing.exe.config",
    "Name": "Printing.exe.config",
    "Result": "<removed>",
    "Error": null,
    "ExecType": 1,
    "RunComplete": true,
    "CmdExitCode": 0
  },
  {
    "Cmd": "\\qlikserver1.domain.local\\c$\\\\Program Files\\Qlik\\Sense\\Printing\\Qlik.Printing.CefSharp.exe.config",
    "Name": "Qlik.Printing.CefSharp.exe.config",
    "Result": "<removed>",
    "Error": "Couldn't find the file.",
    "ExecType": 1,
    "RunComplete": true,
    "CmdExitCode": 666
  },
  {
    "Cmd": "\\\\qlikserver1.domain.local\\\\c$\\\\Program Files\\Qlik\\Sense\\Printing\\Qlik.Sense.Printing.dll.config",
    "Name": "Qlik.Sense.Printing.dll.config",
    "Result": "<removed>",
    "Error": null,
    "ExecType": 1,
    "RunComplete": true,
    "CmdExitCode": 0
  },
  {
    "Cmd": "\\\\qlikserver1.domain.local\\c$\\Program Files\\Qlik\\Sense\\Scheduler\\Scheduler.exe.config",
    "Name": "Scheduler.exe.config",
    "Result": "<removed>",
    "Error": null,
    "ExecType": 1,
    "RunComplete": true,
    "CmdExitCode": 0
  },
  {
    "Cmd": "\\\\qlikserver1.domain.local\\c$\\Program Files\\Qlik\\Sense\\Proxy\\Proxy.exe.config",
    "Name": "Proxy.exe.config",
    "Result": "<removed>",
    "Error": null,
    "ExecType": 1,
    "RunComplete": true,
    "CmdExitCode": 0
  },
  {
    "Cmd": "\\\\qlikserver1.domain.local\\c$\\Program Files\\Common Files\\Qlik\\Custom Data\\QvDataMarketConnector\\QvDataMarketConnector.exe.config",
    "Name": "QvDataMarketConnector_QvDataMarketConnector.exe.config",
    "Result": "<removed>",
    "Error": null,
    "ExecType": 1,
    "RunComplete": true,
    "CmdExitCode": 0
  },
  {
    "Cmd": "\\\\qlikserver1.domain.local\\c$\\Program Files\\Common Files\\Qlik\\Custom Data\\QvEssbaseConnector\\QvEssbaseConnector.exe.config",
    "Name": "QvEssbaseConnector_QvEssbaseConnector.exe.config",
    "Result": "<removed>",
    "Error": null,
    "ExecType": 1,
    "RunComplete": true,
    "CmdExitCode": 0
  },
  {
    "Cmd": "\\\\qlikserver1.domain.local\\c$\\Program Files\\Common Files\\Qlik\\Custom Data\\QvOdbcConnectorPackage\\QvOdbcConnectorPackage.exe.config",
    "Name": "QvOdbcConnectorPackage_QvOdbcConnectorPackage.exe.config",
    "Result": "<removed>",
    "Error": null,
    "ExecType": 1,
    "RunComplete": true,
    "CmdExitCode": 0
  },
  {
    "Cmd": "\\\\qlikserver1.domain.local\\c$\\Program Files\\Common Files\\Qlik\\Custom Data\\QvRestConnector\\QvRestConnector.exe.config",
    "Name": "QvRestConnector_QvRestConnector.exe.config",
    "Result": "<removed>",
    "Error": null,
    "ExecType": 1,
    "RunComplete": true,
    "CmdExitCode": 0
  },
  {
    "Cmd": "\\\\qlikserver1.domain.local\\c$\\Program Files\\Common Files\\Qlik\\Custom Data\\QvSalesforceConnector\\QvSalesforceConnector.exe.config",
    "Name": "QvSalesforceConnector_QvSalesforceConnector.exe.config",
    "Result": "<removed>",
    "Error": null,
    "ExecType": 1,
    "RunComplete": true,
    "CmdExitCode": 0
  },
  {
    "Cmd": "\\\\qlikserver1.domain.local\\c$\\Program Files\\Common Files\\Qlik\\Custom Data\\QvWebStorageProviderConnectorPackage\\deploy.config",
    "Name": "QvWebStorageProviderConnectorPackage_deploy.config",
    "Result": "<removed>",
    "Error": null,
    "ExecType": 1,
    "RunComplete": true,
    "CmdExitCode": 0
  },
  {
    "Cmd": "\\\\qlikserver1.domain.local\\c$\\Program Files\\Common Files\\Qlik\\Custom Data\\QvWebStorageProviderConnectorPackage\\QvWebStorageProviderConnectorPackage.exe.config",
    "Name": "QvWebStorageProviderConnectorPackage_QvWebStorageProviderConnectorPackage.exe.config",
    "Result": "<removed>",
    "Error": null,
    "ExecType": 1,
    "RunComplete": true,
    "CmdExitCode": 0
  },
  {
    "Cmd": null,
    "Name": "ConnectorsInstalled",
    "Result": "<removed>",
    "Error": null,
    "ExecType": 0,
    "RunComplete": false,
    "CmdExitCode": -1
  }
]