[
  {
    "DisplayName": "Application Experience",
    "Name": "AeLookupSvc",
    "ProcessId": "728",
    "Started": "True",
    "StartMode": "Manual",
    "Status": "OK",
    "Error": "0x0"
  },
  {
    "DisplayName": "Application Layer Gateway Service",
    "Name": "ALG",
    "ProcessId": "0",
    "Started": "False",
    "StartMode": "Manual",
    "Status": "OK",
    "Error": "0x0"
  },
  {
    "DisplayName": "Application Identity",
    "Name": "AppIDSvc",
    "ProcessId": "0",
    "Started": "False",
    "StartMode": "Manual",
    "Status": "OK",
    "Error": "0x0"
  },
  {
    "DisplayName": "Application Information",
    "Name": "Appinfo",
    "ProcessId": "0",
    "Started": "False",
    "StartMode": "Manual",
    "Status": "OK",
    "Error": "0x0"
  },
  {
    "DisplayName": "Application Management",
    "Name": "AppMgmt",
    "ProcessId": "0",
    "Started": "False",
    "StartMode": "Manual",
    "Status": "OK",
    "Error": "0x0"
  },
  {
    "DisplayName": "App Readiness",
    "Name": "AppReadiness",
    "ProcessId": "0",
    "Started": "False",
    "StartMode": "Manual",
    "Status": "OK",
    "Error": "0x0"
  },
  {
    "DisplayName": "AppX Deployment Service (AppXSVC)",
    "Name": "AppXSvc",
    "ProcessId": "0",
    "Started": "False",
    "StartMode": "Manual",
    "Status": "OK",
    "Error": "0x0"
  },
  {
    "DisplayName": "Windows Audio Endpoint Builder",
    "Name": "AudioEndpointBuilder",
    "ProcessId": "0",
    "Started": "False",
    "StartMode": "Manual",
    "Status": "OK",
    "Error": "0x0"
  },
  {
    "DisplayName": "Windows Audio",
    "Name": "Audiosrv",
    "ProcessId": "0",
    "Started": "False",
    "StartMode": "Manual",
    "Status": "OK",
    "Error": "0x0"
  },
  {
    "DisplayName": "ActiveX Installer (AxInstSV)",
    "Name": "AxInstSV",
    "ProcessId": "0",
    "Started": "False",
    "StartMode": "Manual",
    "Status": "OK",
    "Error": "0x0"
  },
  {
    "DisplayName": "Base Filtering Engine",
    "Name": "BFE",
    "ProcessId": "1012",
    "Started": "True",
    "StartMode": "Auto",
    "Status": "OK",
    "Error": "0x0"
  },
  {
    "DisplayName": "Background Intelligent Transfer Service",
    "Name": "BITS",
    "ProcessId": "728",
    "Started": "True",
    "StartMode": "Auto",
    "Status": "OK",
    "Error": "0x0"
  },
  {
    "DisplayName": "Background Tasks Infrastructure Service",
    "Name": "BrokerInfrastructure",
    "ProcessId": "544",
    "Started": "True",
    "StartMode": "Auto",
    "Status": "OK",
    "Error": "0x0"
  },
  {
    "DisplayName": "Computer Browser",
    "Name": "Browser",
    "ProcessId": "728",
    "Started": "True",
    "StartMode": "Auto",
    "Status": "OK",
    "Error": "0x0"
  },
  {
    "DisplayName": "Certificate Propagation",
    "Name": "CertPropSvc",
    "ProcessId": "728",
    "Started": "True",
    "StartMode": "Manual",
    "Status": "OK",
    "Error": "0x0"
  },
  {
    "DisplayName": "COM+ System Application",
    "Name": "COMSysApp",
    "ProcessId": "1852",
    "Started": "True",
    "StartMode": "Manual",
    "Status": "OK",
    "Error": "0x0"
  },
  {
    "DisplayName": "Cryptographic Services",
    "Name": "CryptSvc",
    "ProcessId": "848",
    "Started": "True",
    "StartMode": "Auto",
    "Status": "OK",
    "Error": "0x0"
  },
  {
    "DisplayName": "Offline Files",
    "Name": "CscService",
    "ProcessId": "0",
    "Started": "False",
    "StartMode": "Disabled",
    "Status": "OK",
    "Error": "0x0"
  },
  {
    "DisplayName": "DCOM Server Process Launcher",
    "Name": "DcomLaunch",
    "ProcessId": "544",
    "Started": "True",
    "StartMode": "Auto",
    "Status": "OK",
    "Error": "0x0"
  },
  {
    "DisplayName": "Optimize drives",
    "Name": "defragsvc",
    "ProcessId": "0",
    "Started": "False",
    "StartMode": "Manual",
    "Status": "OK",
    "Error": "0x0"
  },
  {
    "DisplayName": "Device Association Service",
    "Name": "DeviceAssociationService",
    "ProcessId": "0",
    "Started": "False",
    "StartMode": "Manual",
    "Status": "OK",
    "Error": "0x0"
  },
  {
    "DisplayName": "Device Install Service",
    "Name": "DeviceInstall",
    "ProcessId": "0",
    "Started": "False",
    "StartMode": "Manual",
    "Status": "OK",
    "Error": "0x0"
  },
  {
    "DisplayName": "DHCP Client",
    "Name": "Dhcp",
    "ProcessId": "688",
    "Started": "True",
    "StartMode": "Auto",
    "Status": "OK",
    "Error": "0x0"
  },
  {
    "DisplayName": "Diagnostics Tracking Service",
    "Name": "DiagTrack",
    "ProcessId": "1048",
    "Started": "True",
    "StartMode": "Auto",
    "Status": "OK",
    "Error": "0x0"
  },
  {
    "DisplayName": "DNS Client",
    "Name": "Dnscache",
    "ProcessId": "848",
    "Started": "True",
    "StartMode": "Auto",
    "Status": "OK",
    "Error": "0x0"
  },
  {
    "DisplayName": "Wired AutoConfig",
    "Name": "dot3svc",
    "ProcessId": "0",
    "Started": "False",
    "StartMode": "Manual",
    "Status": "OK",
    "Error": "0x0"
  },
  {
    "DisplayName": "Diagnostic Policy Service",
    "Name": "DPS",
    "ProcessId": "1012",
    "Started": "True",
    "StartMode": "Auto",
    "Status": "OK",
    "Error": "0x0"
  },
  {
    "DisplayName": "Device Setup Manager",
    "Name": "DsmSvc",
    "ProcessId": "0",
    "Started": "False",
    "StartMode": "Manual",
    "Status": "OK",
    "Error": "0x0"
  },
  {
    "DisplayName": "Extensible Authentication Protocol",
    "Name": "Eaphost",
    "ProcessId": "0",
    "Started": "False",
    "StartMode": "Manual",
    "Status": "OK",
    "Error": "0x0"
  },
  {
    "DisplayName": "Encrypting File System (EFS)",
    "Name": "EFS",
    "ProcessId": "0",
    "Started": "False",
    "StartMode": "Manual",
    "Status": "OK",
    "Error": "0x0"
  },
  {
    "DisplayName": "Windows Event Log",
    "Name": "EventLog",
    "ProcessId": "688",
    "Started": "True",
    "StartMode": "Auto",
    "Status": "OK",
    "Error": "0x0"
  },
  {
    "DisplayName": "COM+ Event System",
    "Name": "EventSystem",
    "ProcessId": "764",
    "Started": "True",
    "StartMode": "Auto",
    "Status": "OK",
    "Error": "0x0"
  },
  {
    "DisplayName": "Function Discovery Provider Host",
    "Name": "fdPHost",
    "ProcessId": "764",
    "Started": "True",
    "StartMode": "Manual",
    "Status": "OK",
    "Error": "0x0"
  },
  {
    "DisplayName": "Function Discovery Resource Publication",
    "Name": "FDResPub",
    "ProcessId": "0",
    "Started": "False",
    "StartMode": "Manual",
    "Status": "OK",
    "Error": "0x0"
  },
  {
    "DisplayName": "Windows Font Cache Service",
    "Name": "FontCache",
    "ProcessId": "764",
    "Started": "True",
    "StartMode": "Auto",
    "Status": "OK",
    "Error": "0x0"
  },
  {
    "DisplayName": "Google Chrome Elevation Service",
    "Name": "GoogleChromeElevationService",
    "ProcessId": "0",
    "Started": "False",
    "StartMode": "Manual",
    "Status": "OK",
    "Error": "0x0"
  },
  {
    "DisplayName": "Group Policy Client",
    "Name": "gpsvc",
    "ProcessId": "728",
    "Started": "True",
    "StartMode": "Auto",
    "Status": "OK",
    "Error": "0x0"
  },
  {
    "DisplayName": "Tjänsten Google Update (gupdate)",
    "Name": "gupdate",
    "ProcessId": "0",
    "Started": "False",
    "StartMode": "Auto",
    "Status": "OK",
    "Error": "0x0"
  },
  {
    "DisplayName": "Tjänsten Google Update (gupdatem)",
    "Name": "gupdatem",
    "ProcessId": "0",
    "Started": "False",
    "StartMode": "Manual",
    "Status": "OK",
    "Error": "0x0"
  },
  {
    "DisplayName": "Human Interface Device Service",
    "Name": "hidserv",
    "ProcessId": "0",
    "Started": "False",
    "StartMode": "Manual",
    "Status": "OK",
    "Error": "0x0"
  },
  {
    "DisplayName": "Health Key and Certificate Management",
    "Name": "hkmsvc",
    "ProcessId": "0",
    "Started": "False",
    "StartMode": "Manual",
    "Status": "OK",
    "Error": "0x0"
  },
  {
    "DisplayName": "Internet Explorer ETW Collector Service",
    "Name": "IEEtwCollectorService",
    "ProcessId": "0",
    "Started": "False",
    "StartMode": "Manual",
    "Status": "OK",
    "Error": "0x0"
  },
  {
    "DisplayName": "IKE and AuthIP IPsec Keying Modules",
    "Name": "IKEEXT",
    "ProcessId": "728",
    "Started": "True",
    "StartMode": "Auto",
    "Status": "OK",
    "Error": "0x0"
  },
  {
    "DisplayName": "IP Helper",
    "Name": "iphlpsvc",
    "ProcessId": "728",
    "Started": "True",
    "StartMode": "Auto",
    "Status": "OK",
    "Error": "0x0"
  },
  {
    "DisplayName": "CNG Key Isolation",
    "Name": "KeyIso",
    "ProcessId": "480",
    "Started": "True",
    "StartMode": "Manual",
    "Status": "OK",
    "Error": "0x0"
  },
  {
    "DisplayName": "KDC Proxy Server service (KPS)",
    "Name": "KPSSVC",
    "ProcessId": "0",
    "Started": "False",
    "StartMode": "Manual",
    "Status": "OK",
    "Error": "0x0"
  },
  {
    "DisplayName": "KtmRm for Distributed Transaction Coordinator",
    "Name": "KtmRm",
    "ProcessId": "0",
    "Started": "False",
    "StartMode": "Manual",
    "Status": "OK",
    "Error": "0x0"
  },
  {
    "DisplayName": "Server",
    "Name": "LanmanServer",
    "ProcessId": "728",
    "Started": "True",
    "StartMode": "Auto",
    "Status": "OK",
    "Error": "0x0"
  },
  {
    "DisplayName": "Workstation",
    "Name": "LanmanWorkstation",
    "ProcessId": "848",
    "Started": "True",
    "StartMode": "Auto",
    "Status": "OK",
    "Error": "0x0"
  },
  {
    "DisplayName": "Link-Layer Topology Discovery Mapper",
    "Name": "lltdsvc",
    "ProcessId": "0",
    "Started": "False",
    "StartMode": "Manual",
    "Status": "OK",
    "Error": "0x0"
  },
  {
    "DisplayName": "TCP/IP NetBIOS Helper",
    "Name": "lmhosts",
    "ProcessId": "688",
    "Started": "True",
    "StartMode": "Auto",
    "Status": "OK",
    "Error": "0x0"
  },
  {
    "DisplayName": "Local Session Manager",
    "Name": "LSM",
    "ProcessId": "544",
    "Started": "True",
    "StartMode": "Auto",
    "Status": "OK",
    "Error": "0x0"
  },
  {
    "DisplayName": "Multimedia Class Scheduler",
    "Name": "MMCSS",
    "ProcessId": "0",
    "Started": "False",
    "StartMode": "Manual",
    "Status": "OK",
    "Error": "0x0"
  },
  {
    "DisplayName": "Windows Firewall",
    "Name": "MpsSvc",
    "ProcessId": "1012",
    "Started": "True",
    "StartMode": "Auto",
    "Status": "OK",
    "Error": "0x0"
  },
  {
    "DisplayName": "Distributed Transaction Coordinator",
    "Name": "MSDTC",
    "ProcessId": "2036",
    "Started": "True",
    "StartMode": "Auto",
    "Status": "OK",
    "Error": "0x0"
  },
  {
    "DisplayName": "Microsoft iSCSI Initiator Service",
    "Name": "MSiSCSI",
    "ProcessId": "0",
    "Started": "False",
    "StartMode": "Manual",
    "Status": "OK",
    "Error": "0x0"
  },
  {
    "DisplayName": "Windows Installer",
    "Name": "msiserver",
    "ProcessId": "5264",
    "Started": "True",
    "StartMode": "Manual",
    "Status": "OK",
    "Error": "0x0"
  },
  {
    "DisplayName": "Network Access Protection Agent",
    "Name": "napagent",
    "ProcessId": "0",
    "Started": "False",
    "StartMode": "Manual",
    "Status": "OK",
    "Error": "0x0"
  },
  {
    "DisplayName": "Network Connectivity Assistant",
    "Name": "NcaSvc",
    "ProcessId": "0",
    "Started": "False",
    "StartMode": "Manual",
    "Status": "OK",
    "Error": "0x0"
  },
  {
    "DisplayName": "Network Connection Broker",
    "Name": "NcbService",
    "ProcessId": "1112",
    "Started": "True",
    "StartMode": "Manual",
    "Status": "OK",
    "Error": "0x0"
  },
  {
    "DisplayName": "Netlogon",
    "Name": "Netlogon",
    "ProcessId": "480",
    "Started": "True",
    "StartMode": "Auto",
    "Status": "OK",
    "Error": "0x0"
  },
  {
    "DisplayName": "Network Connections",
    "Name": "Netman",
    "ProcessId": "0",
    "Started": "False",
    "StartMode": "Manual",
    "Status": "OK",
    "Error": "0x0"
  },
  {
    "DisplayName": "Network List Service",
    "Name": "netprofm",
    "ProcessId": "764",
    "Started": "True",
    "StartMode": "Manual",
    "Status": "OK",
    "Error": "0x0"
  },
  {
    "DisplayName": "Net.Tcp Port Sharing Service",
    "Name": "NetTcpPortSharing",
    "ProcessId": "0",
    "Started": "False",
    "StartMode": "Disabled",
    "Status": "OK",
    "Error": "0x0"
  },
  {
    "DisplayName": "Network Location Awareness",
    "Name": "NlaSvc",
    "ProcessId": "848",
    "Started": "True",
    "StartMode": "Auto",
    "Status": "OK",
    "Error": "0x0"
  },
  {
    "DisplayName": "Network Store Interface Service",
    "Name": "nsi",
    "ProcessId": "764",
    "Started": "True",
    "StartMode": "Auto",
    "Status": "OK",
    "Error": "0x0"
  },
  {
    "DisplayName": "Performance Counter DLL Host",
    "Name": "PerfHost",
    "ProcessId": "0",
    "Started": "False",
    "StartMode": "Manual",
    "Status": "OK",
    "Error": "0x0"
  },
  {
    "DisplayName": "Performance Logs & Alerts",
    "Name": "pla",
    "ProcessId": "0",
    "Started": "False",
    "StartMode": "Manual",
    "Status": "OK",
    "Error": "0x0"
  },
  {
    "DisplayName": "Plug and Play",
    "Name": "PlugPlay",
    "ProcessId": "544",
    "Started": "True",
    "StartMode": "Manual",
    "Status": "OK",
    "Error": "0x0"
  },
  {
    "DisplayName": "IPsec Policy Agent",
    "Name": "PolicyAgent",
    "ProcessId": "1728",
    "Started": "True",
    "StartMode": "Manual",
    "Status": "OK",
    "Error": "0x0"
  },
  {
    "DisplayName": "Power",
    "Name": "Power",
    "ProcessId": "544",
    "Started": "True",
    "StartMode": "Auto",
    "Status": "OK",
    "Error": "0x0"
  },
  {
    "DisplayName": "Printer Extensions and Notifications",
    "Name": "PrintNotify",
    "ProcessId": "0",
    "Started": "False",
    "StartMode": "Manual",
    "Status": "OK",
    "Error": "0x0"
  },
  {
    "DisplayName": "User Profile Service",
    "Name": "ProfSvc",
    "ProcessId": "728",
    "Started": "True",
    "StartMode": "Auto",
    "Status": "OK",
    "Error": "0x0"
  },
  {
    "DisplayName": "Remote Access Auto Connection Manager",
    "Name": "RasAuto",
    "ProcessId": "0",
    "Started": "False",
    "StartMode": "Manual",
    "Status": "OK",
    "Error": "0x0"
  },
  {
    "DisplayName": "Remote Access Connection Manager",
    "Name": "RasMan",
    "ProcessId": "0",
    "Started": "False",
    "StartMode": "Manual",
    "Status": "OK",
    "Error": "0x0"
  },
  {
    "DisplayName": "Routing and Remote Access",
    "Name": "RemoteAccess",
    "ProcessId": "0",
    "Started": "False",
    "StartMode": "Disabled",
    "Status": "OK",
    "Error": "0x0"
  },
  {
    "DisplayName": "Remote Registry",
    "Name": "RemoteRegistry",
    "ProcessId": "0",
    "Started": "False",
    "StartMode": "Auto",
    "Status": "OK",
    "Error": "0x0"
  },
  {
    "DisplayName": "RPC Endpoint Mapper",
    "Name": "RpcEptMapper",
    "ProcessId": "588",
    "Started": "True",
    "StartMode": "Auto",
    "Status": "OK",
    "Error": "0x0"
  },
  {
    "DisplayName": "Remote Procedure Call (RPC) Locator",
    "Name": "RpcLocator",
    "ProcessId": "0",
    "Started": "False",
    "StartMode": "Manual",
    "Status": "OK",
    "Error": "0x0"
  },
  {
    "DisplayName": "Remote Procedure Call (RPC)",
    "Name": "RpcSs",
    "ProcessId": "588",
    "Started": "True",
    "StartMode": "Auto",
    "Status": "OK",
    "Error": "0x0"
  },
  {
    "DisplayName": "Resultant Set of Policy Provider",
    "Name": "RSoPProv",
    "ProcessId": "0",
    "Started": "False",
    "StartMode": "Manual",
    "Status": "OK",
    "Error": "0x0"
  },
  {
    "DisplayName": "Special Administration Console Helper",
    "Name": "sacsvr",
    "ProcessId": "0",
    "Started": "False",
    "StartMode": "Manual",
    "Status": "OK",
    "Error": "0x0"
  },
  {
    "DisplayName": "Security Accounts Manager",
    "Name": "SamSs",
    "ProcessId": "480",
    "Started": "True",
    "StartMode": "Auto",
    "Status": "OK",
    "Error": "0x0"
  },
  {
    "DisplayName": "Smart Card",
    "Name": "SCardSvr",
    "ProcessId": "0",
    "Started": "False",
    "StartMode": "Disabled",
    "Status": "OK",
    "Error": "0x0"
  },
  {
    "DisplayName": "Smart Card Device Enumeration Service",
    "Name": "ScDeviceEnum",
    "ProcessId": "1112",
    "Started": "True",
    "StartMode": "Manual",
    "Status": "OK",
    "Error": "0x0"
  },
  {
    "DisplayName": "Task Scheduler",
    "Name": "Schedule",
    "ProcessId": "728",
    "Started": "True",
    "StartMode": "Auto",
    "Status": "OK",
    "Error": "0x0"
  },
  {
    "DisplayName": "Smart Card Removal Policy",
    "Name": "SCPolicySvc",
    "ProcessId": "0",
    "Started": "False",
    "StartMode": "Manual",
    "Status": "OK",
    "Error": "0x0"
  },
  {
    "DisplayName": "Secondary Logon",
    "Name": "seclogon",
    "ProcessId": "0",
    "Started": "False",
    "StartMode": "Manual",
    "Status": "OK",
    "Error": "0x0"
  },
  {
    "DisplayName": "System Event Notification Service",
    "Name": "SENS",
    "ProcessId": "728",
    "Started": "True",
    "StartMode": "Auto",
    "Status": "OK",
    "Error": "0x0"
  },
  {
    "DisplayName": "Remote Desktop Configuration",
    "Name": "SessionEnv",
    "ProcessId": "728",
    "Started": "True",
    "StartMode": "Manual",
    "Status": "OK",
    "Error": "0x0"
  },
  {
    "DisplayName": "Internet Connection Sharing (ICS)",
    "Name": "SharedAccess",
    "ProcessId": "0",
    "Started": "False",
    "StartMode": "Disabled",
    "Status": "OK",
    "Error": "0x0"
  },
  {
    "DisplayName": "Shell Hardware Detection",
    "Name": "ShellHWDetection",
    "ProcessId": "728",
    "Started": "True",
    "StartMode": "Auto",
    "Status": "OK",
    "Error": "0x0"
  },
  {
    "DisplayName": "Microsoft Storage Spaces SMP",
    "Name": "smphost",
    "ProcessId": "0",
    "Started": "False",
    "StartMode": "Manual",
    "Status": "OK",
    "Error": "0x0"
  },
  {
    "DisplayName": "SNMP Trap",
    "Name": "SNMPTRAP",
    "ProcessId": "0",
    "Started": "False",
    "StartMode": "Manual",
    "Status": "OK",
    "Error": "0x0"
  },
  {
    "DisplayName": "Print Spooler",
    "Name": "Spooler",
    "ProcessId": "184",
    "Started": "True",
    "StartMode": "Auto",
    "Status": "OK",
    "Error": "0x0"
  },
  {
    "DisplayName": "Software Protection",
    "Name": "sppsvc",
    "ProcessId": "0",
    "Started": "False",
    "StartMode": "Auto",
    "Status": "OK",
    "Error": "0x0"
  },
  {
    "DisplayName": "SSDP Discovery",
    "Name": "SSDPSRV",
    "ProcessId": "0",
    "Started": "False",
    "StartMode": "Disabled",
    "Status": "OK",
    "Error": "0x0"
  },
  {
    "DisplayName": "Secure Socket Tunneling Protocol Service",
    "Name": "SstpSvc",
    "ProcessId": "0",
    "Started": "False",
    "StartMode": "Manual",
    "Status": "OK",
    "Error": "0x0"
  },
  {
    "DisplayName": "Windows Image Acquisition (WIA)",
    "Name": "stisvc",
    "ProcessId": "0",
    "Started": "False",
    "StartMode": "Manual",
    "Status": "OK",
    "Error": "0x0"
  },
  {
    "DisplayName": "Spot Verifier",
    "Name": "svsvc",
    "ProcessId": "0",
    "Started": "False",
    "StartMode": "Manual",
    "Status": "OK",
    "Error": "0x0"
  },
  {
    "DisplayName": "Microsoft Software Shadow Copy Provider",
    "Name": "swprv",
    "ProcessId": "0",
    "Started": "False",
    "StartMode": "Manual",
    "Status": "OK",
    "Error": "0x0"
  },
  {
    "DisplayName": "Superfetch",
    "Name": "SysMain",
    "ProcessId": "0",
    "Started": "False",
    "StartMode": "Manual",
    "Status": "OK",
    "Error": "0x0"
  },
  {
    "DisplayName": "System Events Broker",
    "Name": "SystemEventsBroker",
    "ProcessId": "544",
    "Started": "True",
    "StartMode": "Auto",
    "Status": "OK",
    "Error": "0x0"
  },
  {
    "DisplayName": "Touch Keyboard and Handwriting Panel Service",
    "Name": "TabletInputService",
    "ProcessId": "0",
    "Started": "False",
    "StartMode": "Manual",
    "Status": "OK",
    "Error": "0x0"
  },
  {
    "DisplayName": "Telephony",
    "Name": "TapiSrv",
    "ProcessId": "0",
    "Started": "False",
    "StartMode": "Manual",
    "Status": "OK",
    "Error": "0x0"
  },
  {
    "DisplayName": "Remote Desktop Services",
    "Name": "TermService",
    "ProcessId": "1648",
    "Started": "True",
    "StartMode": "Manual",
    "Status": "OK",
    "Error": "0x0"
  },
  {
    "DisplayName": "Themes",
    "Name": "Themes",
    "ProcessId": "728",
    "Started": "True",
    "StartMode": "Auto",
    "Status": "OK",
    "Error": "0x0"
  },
  {
    "DisplayName": "Thread Ordering Server",
    "Name": "THREADORDER",
    "ProcessId": "0",
    "Started": "False",
    "StartMode": "Manual",
    "Status": "OK",
    "Error": "0x0"
  },
  {
    "DisplayName": "Storage Tiers Management",
    "Name": "TieringEngineService",
    "ProcessId": "0",
    "Started": "False",
    "StartMode": "Manual",
    "Status": "OK",
    "Error": "0x0"
  },
  {
    "DisplayName": "Time Broker",
    "Name": "TimeBroker",
    "ProcessId": "2192",
    "Started": "True",
    "StartMode": "Manual",
    "Status": "OK",
    "Error": "0x0"
  },
  {
    "DisplayName": "Distributed Link Tracking Client",
    "Name": "TrkWks",
    "ProcessId": "1112",
    "Started": "True",
    "StartMode": "Auto",
    "Status": "OK",
    "Error": "0x0"
  },
  {
    "DisplayName": "Windows Modules Installer",
    "Name": "TrustedInstaller",
    "ProcessId": "5800",
    "Started": "True",
    "StartMode": "Manual",
    "Status": "OK",
    "Error": "0x0"
  },
  {
    "DisplayName": "User Access Logging Service",
    "Name": "UALSVC",
    "ProcessId": "1112",
    "Started": "True",
    "StartMode": "Auto",
    "Status": "OK",
    "Error": "0x0"
  },
  {
    "DisplayName": "Interactive Services Detection",
    "Name": "UI0Detect",
    "ProcessId": "0",
    "Started": "False",
    "StartMode": "Manual",
    "Status": "OK",
    "Error": "0x0"
  },
  {
    "DisplayName": "Remote Desktop Services UserMode Port Redirector",
    "Name": "UmRdpService",
    "ProcessId": "1112",
    "Started": "True",
    "StartMode": "Manual",
    "Status": "OK",
    "Error": "0x0"
  },
  {
    "DisplayName": "UPnP Device Host",
    "Name": "upnphost",
    "ProcessId": "0",
    "Started": "False",
    "StartMode": "Disabled",
    "Status": "OK",
    "Error": "0x0"
  },
  {
    "DisplayName": "Credential Manager",
    "Name": "VaultSvc",
    "ProcessId": "0",
    "Started": "False",
    "StartMode": "Manual",
    "Status": "OK",
    "Error": "0x0"
  },
  {
    "DisplayName": "Virtual Disk",
    "Name": "vds",
    "ProcessId": "0",
    "Started": "False",
    "StartMode": "Manual",
    "Status": "OK",
    "Error": "0x0"
  },
  {
    "DisplayName": "Hyper-V Guest Service Interface",
    "Name": "vmicguestinterface",
    "ProcessId": "0",
    "Started": "False",
    "StartMode": "Manual",
    "Status": "OK",
    "Error": "0x0"
  },
  {
    "DisplayName": "Hyper-V Heartbeat Service",
    "Name": "vmicheartbeat",
    "ProcessId": "0",
    "Started": "False",
    "StartMode": "Manual",
    "Status": "OK",
    "Error": "0x0"
  },
  {
    "DisplayName": "Hyper-V Data Exchange Service",
    "Name": "vmickvpexchange",
    "ProcessId": "0",
    "Started": "False",
    "StartMode": "Manual",
    "Status": "OK",
    "Error": "0x0"
  },
  {
    "DisplayName": "Hyper-V Remote Desktop Virtualization Service",
    "Name": "vmicrdv",
    "ProcessId": "0",
    "Started": "False",
    "StartMode": "Manual",
    "Status": "OK",
    "Error": "0x0"
  },
  {
    "DisplayName": "Hyper-V Guest Shutdown Service",
    "Name": "vmicshutdown",
    "ProcessId": "0",
    "Started": "False",
    "StartMode": "Manual",
    "Status": "OK",
    "Error": "0x0"
  },
  {
    "DisplayName": "Hyper-V Time Synchronization Service",
    "Name": "vmictimesync",
    "ProcessId": "0",
    "Started": "False",
    "StartMode": "Manual",
    "Status": "OK",
    "Error": "0x0"
  },
  {
    "DisplayName": "Hyper-V Volume Shadow Copy Requestor",
    "Name": "vmicvss",
    "ProcessId": "0",
    "Started": "False",
    "StartMode": "Manual",
    "Status": "OK",
    "Error": "0x0"
  },
  {
    "DisplayName": "VMware Tools",
    "Name": "VMTools",
    "ProcessId": "1132",
    "Started": "True",
    "StartMode": "Auto",
    "Status": "OK",
    "Error": "0x0"
  },
  {
    "DisplayName": "VMware Snapshot Provider",
    "Name": "vmvss",
    "ProcessId": "0",
    "Started": "False",
    "StartMode": "Manual",
    "Status": "OK",
    "Error": "0x0"
  },
  {
    "DisplayName": "Volume Shadow Copy",
    "Name": "VSS",
    "ProcessId": "0",
    "Started": "False",
    "StartMode": "Manual",
    "Status": "OK",
    "Error": "0x0"
  },
  {
    "DisplayName": "Windows Time",
    "Name": "W32Time",
    "ProcessId": "764",
    "Started": "True",
    "StartMode": "Manual",
    "Status": "OK",
    "Error": "0x0"
  },
  {
    "DisplayName": "Windows Connection Manager",
    "Name": "Wcmsvc",
    "ProcessId": "688",
    "Started": "True",
    "StartMode": "Auto",
    "Status": "OK",
    "Error": "0x0"
  },
  {
    "DisplayName": "Windows Color System",
    "Name": "WcsPlugInService",
    "ProcessId": "0",
    "Started": "False",
    "StartMode": "Manual",
    "Status": "OK",
    "Error": "0x0"
  },
  {
    "DisplayName": "Diagnostic Service Host",
    "Name": "WdiServiceHost",
    "ProcessId": "0",
    "Started": "False",
    "StartMode": "Manual",
    "Status": "OK",
    "Error": "0x0"
  },
  {
    "DisplayName": "Diagnostic System Host",
    "Name": "WdiSystemHost",
    "ProcessId": "0",
    "Started": "False",
    "StartMode": "Manual",
    "Status": "OK",
    "Error": "0x0"
  },
  {
    "DisplayName": "WebClient",
    "Name": "WebClient",
    "ProcessId": "0",
    "Started": "False",
    "StartMode": "Manual",
    "Status": "OK",
    "Error": "0x0"
  },
  {
    "DisplayName": "Windows Event Collector",
    "Name": "Wecsvc",
    "ProcessId": "0",
    "Started": "False",
    "StartMode": "Manual",
    "Status": "OK",
    "Error": "0x0"
  },
  {
    "DisplayName": "Windows Encryption Provider Host Service",
    "Name": "WEPHOSTSVC",
    "ProcessId": "0",
    "Started": "False",
    "StartMode": "Manual",
    "Status": "OK",
    "Error": "0x0"
  },
  {
    "DisplayName": "Problem Reports and Solutions Control Panel Support",
    "Name": "wercplsupport",
    "ProcessId": "0",
    "Started": "False",
    "StartMode": "Manual",
    "Status": "OK",
    "Error": "0x0"
  },
  {
    "DisplayName": "Windows Error Reporting Service",
    "Name": "WerSvc",
    "ProcessId": "0",
    "Started": "False",
    "StartMode": "Manual",
    "Status": "OK",
    "Error": "0x0"
  },
  {
    "DisplayName": "Still Image Acquisition Events",
    "Name": "WiaRpc",
    "ProcessId": "0",
    "Started": "False",
    "StartMode": "Manual",
    "Status": "OK",
    "Error": "0x0"
  },
  {
    "DisplayName": "WinHTTP Web Proxy Auto-Discovery Service",
    "Name": "WinHttpAutoProxySvc",
    "ProcessId": "764",
    "Started": "True",
    "StartMode": "Manual",
    "Status": "OK",
    "Error": "0x0"
  },
  {
    "DisplayName": "Windows Management Instrumentation",
    "Name": "Winmgmt",
    "ProcessId": "728",
    "Started": "True",
    "StartMode": "Auto",
    "Status": "OK",
    "Error": "0x0"
  },
  {
    "DisplayName": "Windows Remote Management (WS-Management)",
    "Name": "WinRM",
    "ProcessId": "848",
    "Started": "True",
    "StartMode": "Auto",
    "Status": "OK",
    "Error": "0x0"
  },
  {
    "DisplayName": "Microsoft Account Sign-in Assistant",
    "Name": "wlidsvc",
    "ProcessId": "0",
    "Started": "False",
    "StartMode": "Manual",
    "Status": "OK",
    "Error": "0x0"
  },
  {
    "DisplayName": "WMI Performance Adapter",
    "Name": "wmiApSrv",
    "ProcessId": "0",
    "Started": "False",
    "StartMode": "Manual",
    "Status": "OK",
    "Error": "0x0"
  },
  {
    "DisplayName": "Portable Device Enumerator Service",
    "Name": "WPDBusEnum",
    "ProcessId": "0",
    "Started": "False",
    "StartMode": "Manual",
    "Status": "OK",
    "Error": "0x0"
  },
  {
    "DisplayName": "Windows Store Service (WSService)",
    "Name": "WSService",
    "ProcessId": "0",
    "Started": "False",
    "StartMode": "Manual",
    "Status": "OK",
    "Error": "0x0"
  },
  {
    "DisplayName": "Windows Update",
    "Name": "wuauserv",
    "ProcessId": "728",
    "Started": "True",
    "StartMode": "Manual",
    "Status": "OK",
    "Error": "0x0"
  },
  {
    "DisplayName": "Windows Driver Foundation - User-mode Driver Framework",
    "Name": "wudfsvc",
    "ProcessId": "0",
    "Started": "False",
    "StartMode": "Manual",
    "Status": "OK",
    "Error": "0x0"
  },
  {
    "DisplayName": "Qlik Sense Repository Database",
    "Name": "QlikSenseRepositoryDatabase",
    "ProcessId": "3868",
    "Started": "True",
    "StartMode": "Auto",
    "Status": "OK",
    "Error": "0x0"
  },
  {
    "DisplayName": "Qlik Sense Repository Service",
    "Name": "QlikSenseRepositoryService",
    "ProcessId": "2756",
    "Started": "True",
    "StartMode": "Auto",
    "Status": "OK",
    "Error": "0x0"
  },
  {
    "DisplayName": "Qlik Sense Proxy Service",
    "Name": "QlikSenseProxyService",
    "ProcessId": "1520",
    "Started": "True",
    "StartMode": "Auto",
    "Status": "OK",
    "Error": "0x0"
  },
  {
    "DisplayName": "Qlik Sense Engine Service",
    "Name": "QlikSenseEngineService",
    "ProcessId": "3792",
    "Started": "True",
    "StartMode": "Auto",
    "Status": "OK",
    "Error": "0x0"
  },
  {
    "DisplayName": "Qlik Sense Scheduler Service",
    "Name": "QlikSenseSchedulerService",
    "ProcessId": "3796",
    "Started": "True",
    "StartMode": "Auto",
    "Status": "OK",
    "Error": "0x0"
  },
  {
    "DisplayName": "Qlik Sense Service Dispatcher",
    "Name": "QlikSenseServiceDispatcher",
    "ProcessId": "4524",
    "Started": "True",
    "StartMode": "Auto",
    "Status": "OK",
    "Error": "0x0"
  },
  {
    "DisplayName": "Qlik Logging Service",
    "Name": "QlikLoggingService",
    "ProcessId": "4200",
    "Started": "True",
    "StartMode": "Auto",
    "Status": "OK",
    "Error": "0x0"
  },
  {
    "DisplayName": "Qlik Sense Printing Service",
    "Name": "QlikSensePrintingService",
    "ProcessId": "2536",
    "Started": "True",
    "StartMode": "Auto",
    "Status": "OK",
    "Error": "0x0"
  }
]