{
  "id": "47d0663d-48e5-4790-976f-a400f494f128",
  "createdDate": "2017-12-19T11:46:25.934Z",
  "modifiedDate": "2017-12-19T11:46:25.934Z",
  "modifiedByUserName": "INTERNAL\\bootstrap",
  "name": "ServiceCluster",
  "settings": {
    "id": "47d0663d-48e5-4790-976f-a400f494f128",
    "createdDate": "2017-12-19T11:46:25.934Z",
    "modifiedDate": "2017-12-19T11:46:25.934Z",
    "modifiedByUserName": "INTERNAL\\bootstrap",
    "persistenceMode": 1,
    "databaseCredentials": {
      "id": "47d0663d-48e5-4790-976f-a400f494f128",
      "createdDate": "2017-12-19T11:46:25.934Z",
      "modifiedDate": "2017-12-19T11:46:25.934Z",
      "modifiedByUserName": "INTERNAL\\bootstrap",
      "userName": "",
      "schemaPath": "ServiceCluster.Settings.DbCredentials"
    },
    "sharedPersistenceProperties": {
      "id": "47d0663d-48e5-4790-976f-a400f494f128",
      "createdDate": "2017-12-19T11:46:25.934Z",
      "modifiedDate": "2017-12-19T11:46:25.934Z",
      "modifiedByUserName": "INTERNAL\\bootstrap",
      "rootFolder": "\\\\dc1\\share",
      "appFolder": "\\\\dc1\\share\\Apps",
      "staticContentRootFolder": "\\\\dc1\\share\\StaticContent",
      "connector32RootFolder": "\\\\dc1\\share\\CustomData",
      "connector64RootFolder": "\\\\dc1\\share\\CustomData",
      "archivedLogsRootFolder": "\\\\dc1\\share\\ArchivedLogs",
      "databaseHost": "",
      "databasePort": 0,
      "sSLPort": 0,
      "failoverTimeout": 10,
      "schemaPath": "ServiceCluster.Settings.SharedPersistenceProperties"
    },
    "schemaPath": "ServiceCluster.Settings"
  },
  "privileges": null,
  "schemaPath": "ServiceCluster"
}