{
  "VirtualizationFirmwareEnabled": "False",
  "VmMonitorModeExtensions": "False",
  "SecondLevelAddressTranslationExtensions": "False",
  "BootDevice": "\\Device\\HarddiskVolume1",
  "BuildNumber": "9600",
  "BuildType": "Multiprocessor Free",
  "Caption": "Microsoft Windows Server 2012 R2 Standard",
  "CodeSet": "1252",
  "CountryCode": "46",
  "CsdVersion": null,
  "CsName": "QLIKSERVER1",
  "CurrentTimeZone": "60",
  "Description": "",
  "FreePhysicalMemory": "3777620",
  "FreeSpaceInPagingFiles": "1018968",
  "FreeVirtualMemory": "4399152",
  "LocalDateTime": "2019-02-01T14:02:22.272",
  "Locale": "041d",
  "Manufacturer": "Microsoft Corporation",
  "Name": "Microsoft Windows Server 2012 R2 Standard|C:\\Windows|\\Device\\Harddisk0\\Partition2",
  "Organization": "1033",
  "OsArchitecture": "64-bit",
  "OsLanguage": "1033",
  "OsProductSuite": null,
  "ProductType": "3",
  "ServicePackMajorVersion": "0",
  "ServicePackMinorVersion": "0",
  "SystemDevice": "\\Device\\HarddiskVolume2",
  "SystemDirectory": "C:\\Windows\\system32",
  "SystemDrive": "C:",
  "TotalSwapSpaceSize": null,
  "TotalVirtualMemorySize": "7339508",
  "TotalVisibleMemorySize": "6290932",
  "Version": "6.3.9600",
  "DataExecutionPreventionAvailable": "True"
}